القسم,اسم المنتج,السعر,رابط الصورة
الحفاضات,سوفي فوطة نسائية *6 *30 بالزيتون وسط,4000 د.ع.‏,https://bazar-center.com/245368-large_default/سوفي_فوطة_نسائية__6__30_بالزيتون_وسط.jpg
الحفاضات,فوطة نسائية سوفي طويل دبل 30 *6,4000 د.ع.‏,https://bazar-center.com/245369-large_default/فوطة_نسائية_سوفي_طويل_دبل_30__6.jpg
الحفاضات,فوطة نسائية اللويز الترا اقتصادية 16 *8,3250 د.ع.‏,https://bazar-center.com/246692-large_default/فوطة_نسائية_اللويز_الترا_اقتصادية_16__8.jpg
الحفاضات,فوطة نسائية اللويز الترا رفيعة 14 *8,2750 د.ع.‏,https://bazar-center.com/246693-large_default/فوطة_نسائية_اللويز_الترا_رفيعة_14__8.jpg
الحفاضات,فوطة نسائية اللويز الترا طويلة **16,2000 د.ع.‏,https://bazar-center.com/248328-large_default/فوطة_نسائية_اللويز_الترا_طويلة___16.jpg
الحفاضات,فوطة نسائية اللويز الماسية 10 *16,2000 د.ع.‏,https://bazar-center.com/248665-large_default/فوطة_نسائية_اللويز_الماسية_10__16.jpg
الحفاضات,فوطة نسائية اللويز قطنية ليلية بالاجنحة 24 *6,4500 د.ع.‏,https://bazar-center.com/246696-large_default/فوطة_نسائية_اللويز_قطنية_ليلية_بالاجنحة_24__6.jpg
الحفاضات,فوطة نسائية اللويز ماكسي سميكة طويلة 7*16,1500 د.ع.‏,https://bazar-center.com/246729-large_default/فوطة_نسائية_اللويز_ماكسي_سميكة_طويلة_7_16.jpg
الحفاضات,فوطة نسائية اللويز نسيج جاف ليلية 7 *24,2000 د.ع.‏,https://bazar-center.com/246732-large_default/فوطة_نسائية_اللويز_نسيج_جاف_ليلية_7__24.jpg
الحفاضات,فوطة نسائية برايفت رقيقة سوبر 8 *18,1750 د.ع.‏,https://bazar-center.com/245448-large_default/فوطة_نسائية_برايفت_رقيقة_سوبر_8__18.jpg
الحفاضات,فوطة نسائية برايفت سوبر بالاجنحة 10 *18,1500 د.ع.‏,https://bazar-center.com/245461-large_default/فوطة_نسائية_برايفت_سوبر_بالاجنحة_10__18.jpg
الحفاضات,فوطة نسائية برايفت سوبر دبل 30 *6,5000 د.ع.‏,https://bazar-center.com/248670-large_default/فوطة_نسائية_برايفت_سوبر_دبل_30__6.jpg
الحفاضات,فوطة نسائية برايفت عادي 10 *18,1750 د.ع.‏,https://bazar-center.com/245477-large_default/فوطة_نسائية_برايفت_عادي_10__18.jpg
الحفاضات,فوطة نسائية برايفت عادي الاجنحة 10 *18,1500 د.ع.‏,https://bazar-center.com/245478-large_default/فوطة_نسائية_برايفت_عادي_الاجنحة_10__18.jpg
الحفاضات,فوطة نسائية برايفت عادي بالاجنحة دبل 20 *12,2750 د.ع.‏,https://bazar-center.com/245479-large_default/فوطة_نسائية_برايفت_عادي_بالاجنحة_دبل_20__12.jpg
الحفاضات,فوطة نسائية برايفت عادي مغلف 10 /12,1250 د.ع.‏,https://bazar-center.com/245480-large_default/فوطة_نسائية_برايفت_عادي_مغلف_10__12.jpg
الحفاضات,فوطة نسائية برايفت ليلي 7 *18,1750 د.ع.‏,https://bazar-center.com/245484-large_default/فوطة_نسائية_برايفت_ليلي_7__18.jpg
الحفاضات,فوطة نسائية برايفت ليلي مغلف 8*12,1750 د.ع.‏,https://bazar-center.com/245485-large_default/فوطة_نسائية_برايفت_ليلي_مغلف_8_12.jpg
الحفاضات,فوطة نسائية برايفت مس تين 10*18,1750 د.ع.‏,https://bazar-center.com/245486-large_default/فوطة_نسائية_برايفت_مس_تين_10_18.jpg
الحفاضات,فوطة نسائية طويل دبل 30 *6,4000 د.ع.‏,https://bazar-center.com/245490-large_default/فوطة_نسائية_طويل_دبل_30__6.jpg
الحفاضات,فوطة نسائية سوفي مربعة صغير *16,1250 د.ع.‏,https://bazar-center.com/245491-large_default/فوطة_نسائية_سوفي_مربعة_صغير__16.jpg
الحفاضات,OPTIMAL فوطة للثدي ناعمة *30 قطعة 1050,7500 د.ع.‏,https://bazar-center.com/246060-large_default/OPTIMAL__فوطة_للثدي_ناعمة__30_قطعة_1050.jpg
الحفاضات,الويز الترا رفيعة طويل فوطة نسائية 7*16,1500 د.ع.‏,https://bazar-center.com/246753-large_default/الويز_الترا_رفيعة_طويل_فوطة_نسائية__7_16.jpg
الحفاضات,الويز فوطة نسائية باكيت عادية 20*18,1500 د.ع.‏,https://bazar-center.com/246755-large_default/الويز_فوطة_نسائية_باكيت_عادية_20_18.jpg
الحفاضات,الويز فوطة نسائية باكيت معطرة 20*18,1500 د.ع.‏,https://bazar-center.com/246756-large_default/الويز_فوطة_نسائية_باكيت_معطرة_20_18.jpg
الحفاضات,الويز فوطة نسائية باكيت مغلقة 40 *10,4000 د.ع.‏,https://bazar-center.com/246757-large_default/الويز_فوطة_نسائية_باكيت_مغلقة_40__10.jpg
الحفاضات,الويز ماكسي فوطة نسائية عبوة اقتصادية طويلة 14*16,2500 د.ع.‏,https://bazar-center.com/246761-large_default/الويز_ماكسي_فوطة_نسائية_عبوة_اقتصادية_طويلة_14_16.jpg
الحفاضات,حفاضات فاين بيبي وسط رقم 3*4*26,5500 د.ع.‏,https://bazar-center.com/246765-large_default/حفاضات_فاين_بيبي_وسط_رقم_3_4_26.jpg
الحفاضات,حفاظات فاين بيبي ميكا * 4 كبير رقم 4*60,11000 د.ع.‏,https://bazar-center.com/246767-large_default/حفاظات_فاين_بيبي_ميكا___4_كبير_رقم_4_60.jpg
الحفاضات,حفاظات مولفكس رقم 4 /56 *3,9750 د.ع.‏,https://bazar-center.com/247671-large_default/حفاظات_مولفكس_رقم_4__56__3.jpg
الحفاضات,حفاظات مولفكس كيلوت رقم 3 *3,9750 د.ع.‏,https://bazar-center.com/247673-large_default/حفاظات_مولفكس_كيلوت_رقم_3__3.jpg
الحفاضات,حفاظات مولفكس كيلوت رقم 6 *4,9000 د.ع.‏,https://bazar-center.com/247675-large_default/حفاظات_مولفكس_كيلوت_رقم_6__4.jpg
الحفاضات,بيبي جوي تك رقم 5 *8,3500 د.ع.‏,https://bazar-center.com/245510-large_default/بيبي_جوي_تك_رقم_5__8.jpg
الحفاضات,سوفي حفاظات طويل عادي *16,1500 د.ع.‏,https://bazar-center.com/245511-large_default/سوفي_حفاظات_طويل_عادي___16.jpg
الحفاضات,كانبيد حفاضات كبار السن شورت 2*30 وسط,22000 د.ع.‏,https://bazar-center.com/247154-large_default/كانبيد_حفاضات_كبار_السن_شورت_2_30_وسط.jpg
الحفاضات,سوبر نوفا حفاظات فاين بيبي جامبو جونيور رقم 4*3*40,8500 د.ع.‏,https://bazar-center.com/246769-large_default/سوبر_نوفا_حفاظات_فاين_بيبي_جامبو_جونيور_رقم_4_3_40.jpg
الحفاضات,سوبر نوفا حفاظات فاين بيبي جامبو جونيور رقم 5 *3*36,8500 د.ع.‏,https://bazar-center.com/246698-large_default/سوبر_نوفا_حفاظات_فاين_بيبي_جامبو_جونيور_رقم_5__3_36.jpg
الحفاضات,سوبر نوفا حفاظات فاين بيبي جامبو جونيور رقم 6*3*30,8500 د.ع.‏,https://bazar-center.com/246699-large_default/سوبر_نوفا_حفاظات_فاين_بيبي_جامبو_جونيور_رقم_6_3_30.jpg
الحفاضات,سوبر نوفا حفاظات فاين بيبي جونيور ماكسي رقم 5*104,5500 د.ع.‏,https://bazar-center.com/246700-large_default/سوبر_نوفا_حفاظات_فاين_بيبي_جونيور_ماكسي_رقم_5_104.jpg
الحفاضات,حفاضات بيبي جوي كيلوت رقم 4 *3,12750 د.ع.‏,https://bazar-center.com/245373-large_default/حفاضات_بيبي_جوي_كيلوت_رقم_4__3.jpg
الحفاضات,حفاضات تيمو للاطفال رقم 5 ماكسي *6,6500 د.ع.‏,https://bazar-center.com/245378-large_default/حفاضات_تيمو_للاطفال_رقم_5_ماكسي__6.jpg
الحفاضات,حفاظات اطفال تيمو رقم 3 *6,5250 د.ع.‏,https://bazar-center.com/245433-large_default/حفاظات_اطفال_تيمو_رقم_3__6.jpg
الحفاضات,حفاظات اطفال تيمو رقم 4 *6,6500 د.ع.‏,https://bazar-center.com/245440-large_default/حفاظات_اطفال_تيمو_رقم_4__6.jpg
الحفاضات,حفاظات بيبي جوي دبل عملاقة رقم 2 صغير *4,11000 د.ع.‏,https://bazar-center.com/245497-large_default/حفاظات_بيبي_جوي_دبل_عملاقة_رقم_2__صغير__4.jpg
الحفاضات,حفاظات بيبي جوي دبل عملاقة رقم 3 وسط *4,10750 د.ع.‏,https://bazar-center.com/245500-large_default/حفاظات_بيبي_جوي_دبل_عملاقة_رقم_3_وسط__4.jpg
الحفاضات,حفاظات كانبيد اقتصادي لكبار السن متوسطة *2*30,16500 د.ع.‏,https://bazar-center.com/247149-large_default/حفاظات_كانبيد_اقتصادي_لكبار_السن_متوسطة__2_30.jpg
الحفاضات,بيبي جوي كيلوت حفاظات اطفال رقم 6 *3,12750 د.ع.‏,https://bazar-center.com/245454-large_default/بيبي_جوي_كيلوت_حفاظات_اطفال_رقم_6__3.jpg
الحفاضات,بيبي جوي كيلوت حفاظات اطفال رقم 5 *3,12750 د.ع.‏,https://bazar-center.com/245456-large_default/بيبي_جوي_كيلوت_حفاظات_اطفال_رقم_5___3.jpg
الحفاضات,بيبي جوي كيلوت حفاظات اطفال رقم 3 وسط *3,12750 د.ع.‏,https://bazar-center.com/245457-large_default/بيبي_جوي_كيلوت_حفاظات_اطفال_رقم_3_وسط__3.jpg
الحفاضات,بيبي جوي حفاظات دبل عملاقة رقم 5 كبير جدا *4,12000 د.ع.‏,https://bazar-center.com/245458-large_default/بيبي_جوي_حفاظات_دبل_عملاقة_رقم_5_كبير_جدا__4.jpg
الحفاضات,مولفكس حفاظات فرصت الترا *2 رقم 5 *78,12250 د.ع.‏,https://bazar-center.com/248666-large_default/مولفكس_حفاظات_فرصت_الترا__2_رقم_5__78.jpg
الحفاضات,سوفي فوطة نسائية *12 *10 اخضر مربع,1500 د.ع.‏,https://bazar-center.com/245472-large_default/سوفي_فوطة_نسائية__12__10_اخضر_مربع.jpg
الحفاضات,سوفي فوطة نسائية *12 *10 بنفسجي مربع,1750 د.ع.‏,https://bazar-center.com/245473-large_default/سوفي_فوطة_نسائية__12__10_بنفسجي_مربع.jpg
الحفاضات,سوفي فوطة بالزيتون صغير *10 *12,1750 د.ع.‏,https://bazar-center.com/245501-large_default/سوفي_فوطة_بالزيتون_صغير__10__12.jpg
الحفاضات,فوطة اللويز نسائية سميكة جامبو 24*12,4250 د.ع.‏,https://bazar-center.com/246763-large_default/فوطة_اللويز_نسائية_سميكة_جامبو_24_12.jpg
الحفاضات,فوطة نسائية الويز ماكسي سميكة ليلي 7*16,1500 د.ع.‏,https://bazar-center.com/246764-large_default/فوطة_نسائية_الويز_ماكسي_سميكة_ليلي_7_16.jpg
الحفاضات,حفاضات فاين بيبي جامبو رقم 3*3*46,8500 د.ع.‏,https://bazar-center.com/246766-large_default/حفاضات_فاين_بيبي_جامبو_رقم_3_3_46.jpg
الحفاضات,حفاظات بيبي لايف جامبو رقم 7 *4,10000 د.ع.‏,https://bazar-center.com/245503-large_default/حفاظات_بيبي_لايف_جامبو_رقم_7__4.jpg
الحفاضات,حفاظات بامبرز عناية مميزة رقم 7 2*35,18500 د.ع.‏,https://bazar-center.com/246768-large_default/حفاظات_بامبرز_عناية__مميزة_رقم_7_2_35.jpg
الحفاضات,بيبي لايف حفاظات حديث الولادة رقم 1 *21*12,4000 د.ع.‏,https://bazar-center.com/245506-large_default/بيبي_لايف_حفاظات_حديث_الولادة_رقم_1__21_12.jpg
الحفاضات,حفاظات بيبي لايف عادي رقم 7 *26*4,10000 د.ع.‏,https://bazar-center.com/245507-large_default/حفاظات_بيبي_لايف_عادي_رقم_7__26_4.jpg
الحفاضات,فوطة نسائية سوفي بترطيب الزيتون كبير *6,4000 د.ع.‏,https://bazar-center.com/245372-large_default/فوطة_نسائية_سوفي_بترطيب_الزيتون_كبير__6.jpg
الحفاضات,حفاظات بيبي لايف عادي *2 رقم 2,10000 د.ع.‏,https://bazar-center.com/245505-large_default/حفاظات_بيبي_لايف_عادي__2_رقم_2.jpg
الحفاضات,حفاظات بيبي لايف عادي *2 رقم 3,10000 د.ع.‏,https://bazar-center.com/248672-large_default/حفاظات_بيبي_لايف_عادي__2_رقم_3.jpg
الحفاضات,بامبرز حفاضات اطفال كيلوت *2 رقم 6 *48,17250 د.ع.‏,https://bazar-center.com/246701-large_default/بامبرز_حفاضات_اطفال_كيلوت__2_رقم_6__48.jpg
الحفاضات,حفاظات بيبي لايف كيلوت *2 رقم 3,10000 د.ع.‏,https://bazar-center.com/245382-large_default/حفاظات_بيبي_لايف_كيلوت__2_رقم_3.jpg
الحفاضات,حفاظات تيمو جامبو دبل رقم 1 *76,12750 د.ع.‏,https://bazar-center.com/245488-large_default/حفاظات_تيمو_جامبو_دبل_رقم_1__76.jpg
الحفاضات,بامبرز حفاضات كيلوت *2 رقم 3 *62,19500 د.ع.‏,https://bazar-center.com/245502-large_default/بامبرز_حفاضات_كيلوت__2_رقم_3__62.jpg
الحفاضات,حفاظات فاين بيبي ميكا * 4 وسط رقم 3 *72,11000 د.ع.‏,https://bazar-center.com/246752-large_default/حفاظات_فاين_بيبي_ميكا___4_وسط_رقم_3__72.jpg
الحفاضات,حفاظات كان بيد لكبار السن صغير جدا 12*6,4750 د.ع.‏,https://bazar-center.com/248668-large_default/حفاظات_كان_بيد_لكبار_السن_صغير_جدا_12_6.jpg
الحفاضات,حفاضات بامبرز ميكا رقم 5 3*52,16500 د.ع.‏,https://bazar-center.com/245432-large_default/حفاضات_بامبرز_ميكا_رقم_5_3_52.jpg
الحفاضات,حفاضات بامبرز عبوة التوفير رقم 4+ *2,24000 د.ع.‏,https://bazar-center.com/246733-large_default/حفاضات_بامبرز_عبوة_التوفير_رقم_4___2.jpg
الحفاضات,حفاضات بامبرز عبوة التوفير *2 رقم 6*48,22000 د.ع.‏,https://bazar-center.com/246734-large_default/حفاضات_بامبرز_عبوة_التوفير__2_رقم_6_48.jpg
الحفاضات,حفاضات بامبرز حماية كاملة بالصبار*6 رقم 4,5250 د.ع.‏,https://bazar-center.com/246736-large_default/حفاضات_بامبرز_حماية_كاملة_بالصبار_6_رقم_4.jpg
الحفاضات,حفاضات بامبرز جامبو 2* عملاقة رقم 6*36,16500 د.ع.‏,https://bazar-center.com/246738-large_default/حفاضات_بامبرز_جامبو_2__عملاقة_رقم_6_36.jpg
الحفاضات,حفاضات بامبرز العناية المميزة رقم 3 *2*62,17250 د.ع.‏,https://bazar-center.com/246740-large_default/حفاضات_بامبرز_العناية_المميزة_رقم_3__2_62.jpg
الحفاضات,حفاضات بامبرز العناية المميزة *4 رقم 2 *46,13500 د.ع.‏,https://bazar-center.com/246741-large_default/حفاضات_بامبرز_العناية_المميزة__4_رقم_2__46.jpg
الحفاضات,حفاضات بامبرز العناية المميزة *4 رقم 1 *50,14250 د.ع.‏,https://bazar-center.com/246742-large_default/حفاضات_بامبرز_العناية_المميزة__4_رقم_1__50.jpg
الحفاضات,حفاضات بامبرز العناية المميزة *4 بداية العمر,8500 د.ع.‏,https://bazar-center.com/246743-large_default/حفاضات_بامبرز_العناية_المميزة__4_بداية_العمر.jpg
الحفاضات,حفاضات بامبرز العناية المميزة *2 رقم 6 *36,17250 د.ع.‏,https://bazar-center.com/246744-large_default/حفاضات_بامبرز_العناية_المميزة__2_رقم_6__36.jpg
الحفاضات,حفاضات بامبرز العناية المميزة *2 رقم 5 *46,17250 د.ع.‏,https://bazar-center.com/246745-large_default/حفاضات_بامبرز_العناية_المميزة__2_رقم_5__46.jpg
الحفاضات,حفاضات بامبرز العناية المميزة *2 رقم 4 *54,17250 د.ع.‏,https://bazar-center.com/246746-large_default/حفاضات_بامبرز_العناية_المميزة__2_رقم_4__54.jpg
الحفاضات,تيمو حفاظات حديثي الولادة رقم 1 24 قطعة *6,4000 د.ع.‏,https://bazar-center.com/245451-large_default/تيمو_حفاظات_حديثي_الولادة_رقم_1_24_قطعة__6.jpg
الحفاضات,تيمو حفاظات اطفال رقم 2 *6,4250 د.ع.‏,https://bazar-center.com/245453-large_default/تيمو_حفاظات_اطفال_رقم_2___6.jpg
الحفاضات,هجيز حفاظات الاطفال رقم 1 صغير *2,16500 د.ع.‏,https://bazar-center.com/245796-large_default/هجيز_حفاظات_الاطفال_رقم_1_صغير__2.jpg
الحفاضات,هجيز حفاظات اطفال رقم 5 كبير جدا *2,13250 د.ع.‏,https://bazar-center.com/245797-large_default/هجيز_حفاظات_اطفال_رقم_5_كبير_جدا__2.jpg
الحفاضات,هجيز حفاظات اطفال رقم 4+ *2,13000 د.ع.‏,https://bazar-center.com/245798-large_default/هجيز_حفاظات_اطفال_رقم_4___2.jpg
الحفاضات,هجيز حفاظات اطفال رقم 4 كبير *2,12500 د.ع.‏,https://bazar-center.com/245799-large_default/هجيز_حفاظات_اطفال_رقم_4_كبير__2.jpg
الحفاضات,هجيز حفاظات اطفال رقم 3 وسط *2,12000 د.ع.‏,https://bazar-center.com/245800-large_default/هجيز_حفاظات_اطفال_رقم_3_وسط__2.jpg
الحفاضات,هجيز حفاضات اطفال رقم 2 *2,16500 د.ع.‏,https://bazar-center.com/245801-large_default/هجيز_حفاضات_اطفال_رقم_2___2.jpg
الحفاضات,بامبرز كيلوت عنياية مميزة *2 رقم 5 *40,18500 د.ع.‏,https://bazar-center.com/246708-large_default/بامبرز_كيلوت_عنياية_مميزة__2_رقم_5__40.jpg
الحفاضات,بامبرز كيلوت عناية مميزة *2 رقم 4 *44,18500 د.ع.‏,https://bazar-center.com/246711-large_default/بامبرز_كيلوت_عناية_مميزة__2_رقم_4__44.jpg
الحفاضات,كان بيد حفاظات لكبار السن كبير لارج 7*6,5000 د.ع.‏,https://bazar-center.com/247145-large_default/كان_بيد_حفاظات_لكبار_السن_كبير_لارج_7_6.jpg
الحفاضات,بامبرز كيلوت عناية مميزة *2 رقم 3 *56,18500 د.ع.‏,https://bazar-center.com/246714-large_default/بامبرز_كيلوت_عناية_مميزة__2_رقم_3__56.jpg
الحفاضات,كان بيد حفاظات لكبار السن شورت كبير 8*8* لارج,7000 د.ع.‏,https://bazar-center.com/247147-large_default/كان_بيد_حفاظات_لكبار_السن_شورت_كبير_8_8__لارج.jpg
الحفاضات,حفاظات بيبي جوي دبل عملاقة رقم 7 *4,10750 د.ع.‏,https://bazar-center.com/245416-large_default/حفاظات_بيبي_جوي_دبل_عملاقة_رقم_7__4.jpg
الحفاضات,حفاضات بيبي جوي تك ماسية *8 رقم 1,3500 د.ع.‏,https://bazar-center.com/245437-large_default/حفاضات_بيبي_جوي_تك_ماسية__8_رقم_1.jpg
الحفاضات,حفاضات بيبي جوي تك ماسية *8 رقم 4,3500 د.ع.‏,https://bazar-center.com/245442-large_default/حفاضات_بيبي_جوي_تك_ماسية__8_رقم_4.jpg
الحفاضات,حفاضات بيبي جوي تك ماسية *8 رقم 3,3500 د.ع.‏,https://bazar-center.com/245455-large_default/حفاضات_بيبي_جوي_تك_ماسية__8_رقم_3.jpg
الحفاضات,حفاظات بيبي جوي دبل عملاقة رقم 6 *4,12000 د.ع.‏,https://bazar-center.com/245487-large_default/حفاظات_بيبي_جوي_دبل_عملاقة_رقم_6__4.jpg
الحفاضات,حفاظات بيبي جوي عملاقة رقم 1 *4,10750 د.ع.‏,https://bazar-center.com/245383-large_default/حفاظات_بيبي_جوي_عملاقة_رقم_1__4.jpg
الحفاضات,حفاظات تيمو رقم 6 كبير جدا *6,7250 د.ع.‏,https://bazar-center.com/245397-large_default/حفاظات_تيمو_رقم_6_كبير_جدا__6.jpg
الحفاضات,حفاظات تيمو جامبو دبل رقم 2*72,12750 د.ع.‏,https://bazar-center.com/245399-large_default/حفاظات_تيمو_جامبو_دبل_رقم_2_72.jpg
الحفاضات,كان بيبي حفاظات اطفال جامبو اقتصادي رقم 1 / 4*60,6500 د.ع.‏,https://bazar-center.com/247143-large_default/كان_بيبي_حفاظات_اطفال_جامبو_اقتصادي_رقم_1___4_60.jpg
الحفاضات,كان بيبي حفاظات اطفال جامبو اقتصادي رقم 2 / 4*54,6500 د.ع.‏,https://bazar-center.com/247150-large_default/كان_بيبي_حفاظات_اطفال_جامبو_اقتصادي_رقم_2___4_54.jpg
الحفاضات,كان بيبي حفاظات اطفال جامبو اقتصادي رقم 6 / 4*24,6500 د.ع.‏,https://bazar-center.com/247151-large_default/كان_بيبي_حفاظات_اطفال_جامبو_اقتصادي_رقم_6___4_24.jpg
الحفاضات,كان بيبي حفاظات اطفال جامبو اقتصادي رقم 5 / 4*30,6500 د.ع.‏,https://bazar-center.com/247152-large_default/كان_بيبي_حفاظات_اطفال_جامبو_اقتصادي_رقم_5___4_30.jpg
الحفاضات,كان بيبي حفاظات اطفال جامبو اقتصادي رقم 7 / 4*21,6500 د.ع.‏,https://bazar-center.com/247153-large_default/كان_بيبي_حفاظات_اطفال_جامبو_اقتصادي_رقم_7___4_21.jpg
الحفاضات,كان بيبي حفاظات اطفال جامبو اقتصادي رقم 3 / 4*46,6500 د.ع.‏,https://bazar-center.com/247146-large_default/كان_بيبي_حفاظات_اطفال_جامبو_اقتصادي_رقم_3___4_46.jpg
الحفاضات,فوطا نسائية سميكة ليليه الاحلام جامبو 48*3,7000 د.ع.‏,https://bazar-center.com/246749-large_default/فوطا_نسائية_سميكة_ليليه_الاحلام_جامبو_48_3.jpg
الحفاضات,فوطة نسائية الويز ماكس سميكة نعومة كبير اجنحة 24*6,4750 د.ع.‏,https://bazar-center.com/246704-large_default/فوطة_نسائية_الويز_ماكس_سميكة_نعومة_كبير_اجنحة_24_6.jpg
الحفاضات,فاين بيبي حديث الولادة رقم 1 18 *6,2000 د.ع.‏,https://bazar-center.com/246705-large_default/فاين_بيبي_حديث_الولادة_رقم_1_18__6.jpg
الحفاضات,حفاظات اطفال كان بيبي رقم 0 / 24 *6,5000 د.ع.‏,https://bazar-center.com/247144-large_default/حفاظات_اطفال_كان_بيبي_رقم_0___24__6.jpg
الحفاضات,حفاظات بامبرز مولد جديد رقم 2 /64 *3,15000 د.ع.‏,https://bazar-center.com/246707-large_default/حفاظات_بامبرز_مولد_جديد_رقم_2__64__3.jpg
الحفاضات,حفاظات بامبرز عبوة توفير نبات الصبار رقم 5 /52 *3,19000 د.ع.‏,https://bazar-center.com/246709-large_default/حفاظات_بامبرز_عبوة_توفير_نبات_الصبار_رقم_5__52__3.jpg
الحفاضات,حفاضات بامبرز كيلوت رقم 5 58 *3,18750 د.ع.‏,https://bazar-center.com/250619-large_default/حفاضات_بامبرز_كيلوت_رقم_5_58__3.jpg
الحفاضات,AIWIBI حفاظات اقتصادي رقم 5 /42,12000 د.ع.‏,https://bazar-center.com/245385-large_default/aiwibi_حفاظات_اقتصادي_رقم_5__42.jpg
الحفاضات,AIWIBI حفاظات اقتصادي رقم 4 /48,11500 د.ع.‏,https://bazar-center.com/245387-large_default/aiwibi_حفاظات_اقتصادي_رقم_4__48.jpg
الحفاضات,AIWIBI حفاظات اقتصادي رقم 2 /60,11000 د.ع.‏,https://bazar-center.com/245389-large_default/aiwibi_حفاظات_اقتصادي_رقم_2__60.jpg
الحفاضات,AIWIBI حفاظات رقم 5 /24 قياس XL,7250 د.ع.‏,https://bazar-center.com/245390-large_default/aiwibi_حفاظات_رقم_5__24_قياس_XL.jpg
الحفاضات,AIWIBI حفاظات رقم 2 /32 متوسط,6750 د.ع.‏,https://bazar-center.com/245391-large_default/aiwibi_حفاظات_رقم_2__32_متوسط.jpg
الحفاضات,AIWIBI حفاظات حديث الولادة,5500 د.ع.‏,https://bazar-center.com/245392-large_default/aiwibi_حفاظات_حديث_الولادة.jpg
الحفاضات,نيو بيبي حفاظات رقم 6 *5,5000 د.ع.‏,https://bazar-center.com/245396-large_default/نيو_بيبي_حفاظات_رقم_6__5.jpg
الحفاضات,ايفوني حفاظات كبار السن L حجم كبير 8 قطع *6,6750 د.ع.‏,https://bazar-center.com/247655-large_default/ايفوني_حفاظات_كبار_السن_L__حجم_كبير_8_قطع__6.jpg
الحفاضات,مولفكس حفاظات اطفال 68 قطعة رقم 3 ميدي *3,9250 د.ع.‏,https://bazar-center.com/247656-large_default/مولفكس_حفاظات_اطفال_68_قطعة_رقم_3_ميدي__3.jpg
الحفاضات,ايفوني حفاظات كبار السن M حجم متوسط 10 قطع *6,6750 د.ع.‏,https://bazar-center.com/247658-large_default/ايفوني_حفاظات_كبار_السن_M__حجم_متوسط_10_قطع__6.jpg
الحفاضات,ايفوني حفاظات كبار السن L حجم لارج 30 قطع *4,16500 د.ع.‏,https://bazar-center.com/247659-large_default/ايفوني_حفاظات_كبار_السن_L__حجم_لارج_30_قطع__4.jpg
الحفاضات,ايفوني حفاظات كبار السن كيلوت M حجم متوسط 30 قطع *4,24750 د.ع.‏,https://bazar-center.com/247663-large_default/ايفوني__حفاظات_كبار_السن_كيلوت_m__حجم_متوسط_30_قطع__4.jpg
الحفاضات,ايفوني حفاظات كبار السن XL حجم 8 قطع *6,7000 د.ع.‏,https://bazar-center.com/247664-large_default/ايفوني_حفاظات_كبار_السن_XL_حجم_8_قطع__6.jpg
الحفاضات,بامبرز توفير بالصبار رقم 4 /60 *2,17750 د.ع.‏,https://bazar-center.com/246715-large_default/بامبرز_توفير_بالصبار_رقم_4__60__2.jpg
الحفاضات,حفاظات كونفي بيبي *20 رقم 4,1500 د.ع.‏,https://bazar-center.com/248667-large_default/حفاظات_كونفي_بيبي__20_رقم__4.jpg
الحفاضات,نيو بيبي حفاظات رقم 4  *5,5000 د.ع.‏,https://bazar-center.com/245407-large_default/نيو_بيبي_حفاظات_رقم_4___5.jpg
الحفاضات,نيو بيبي حفاظات رقم 5   *5,5000 د.ع.‏,https://bazar-center.com/245408-large_default/نيو_بيبي_حفاظات_رقم_5____5.jpg
الحفاضات,بامبرز توفير حماية متكاملة رقم 3 /46 *3,14750 د.ع.‏,https://bazar-center.com/246717-large_default/بامبرز_توفير_حماية_متكاملة_رقم_3__46__3.jpg
الحفاضات,بامبرز حماية متكاملة رقم 4 /44 *3,14750 د.ع.‏,https://bazar-center.com/246718-large_default/بامبرز_حماية_متكاملة_رقم_4__44__3.jpg
الحفاضات,بامبرز كيلوت جامبو رقم 7 3*40,19000 د.ع.‏,https://bazar-center.com/246719-large_default/بامبرز_كيلوت_جامبو_رقم_7_3_40.jpg
الحفاضات,الويز فوطة نسائية سميكة 7 *16 وردي,1500 د.ع.‏,https://bazar-center.com/246721-large_default/الويز_فوطة_نسائية_سميكة_7__16_وردي.jpg
الحفاضات,سوير نوفا حفاظات فاين بيبي جامبو صغير 3 *52 رقم 2,8500 د.ع.‏,https://bazar-center.com/245410-large_default/سوير_نوفا_حفاظات_فاين_بيبي_جامبو_صغير_3__52_رقم_2.jpg
الحفاضات,نيو بيبي حفاضات اطفال للرضع رقم 1 *5,5000 د.ع.‏,https://bazar-center.com/245411-large_default/نيو_بيبي_حفاضات_اطفال_للرضع_رقم_1__5.jpg
الحفاضات,بامبرز بانتس رقم 4 58 *3,19250 د.ع.‏,https://bazar-center.com/245412-large_default/بامبرز_بانتس_رقم_4_58__3.jpg
الحفاضات,نيو بيبي حفاظات رقم 2 *5,5000 د.ع.‏,https://bazar-center.com/245413-large_default/نيو_بيبي_حفاظات_رقم_2__5.jpg
الحفاضات,نيو بيبي حفاظات رقم 3 *5,5000 د.ع.‏,https://bazar-center.com/245414-large_default/نيو_بيبي_حفاظات_رقم_3__5.jpg
الحفاضات,سوبر نوفا حفاظات فاين بيبي جونيور رقم 6 *20,5500 د.ع.‏,https://bazar-center.com/246723-large_default/سوبر_نوفا_حفاظات_فاين_بيبي_جونيور_رقم_6__20.jpg
الحفاضات,بامبرز حماية متكاملة 38 /رقم 5 *3,15000 د.ع.‏,https://bazar-center.com/246724-large_default/بامبرز_حماية_متكاملة_38__رقم_5__3.jpg
الحفاضات,الويز ماكسي سميكة عادية 8 *18,1500 د.ع.‏,https://bazar-center.com/246725-large_default/الويز_ماكسي_سميكة_عادية__8__18.jpg
الحفاضات,الويز ماكسي سميكة روكسان 8 *16,1500 د.ع.‏,https://bazar-center.com/246726-large_default/الويز_ماكسي_سميكة_روكسان_8__16.jpg
الحفاضات,الويز ماكسي سميكة روكسان رقم 1 كبير 30 *6,4250 د.ع.‏,https://bazar-center.com/246728-large_default/الويز_ماكسي_سميكة_روكسان_رقم_1_كبير_30__6.jpg
الحفاضات,AIWIBI حفاظات اطفال اتصادي رقم 7 /32 XXXL,11500 د.ع.‏,https://bazar-center.com/245429-large_default/aiwibi__حفاظات_اطفال_اتصادي_رقم_7__32_XXXL.jpg
الحفاضات,AIWIBI حفاظات اطفال اتصادي رقم 6 /36 XXL,11500 د.ع.‏,https://bazar-center.com/248671-large_default/aiwibi__حفاظات_اطفال_اتصادي_رقم_6__36_XXL.jpg
الحفاضات,بامبرز تك رقم 2 / 23 قطعة *6,5500 د.ع.‏,https://bazar-center.com/246751-large_default/بامبرز_تك_رقم_2___23_قطعة__6.jpg
الحفاضات,بامبرز تك رقم 6 / 10 قطع *6,5000 د.ع.‏,https://bazar-center.com/246758-large_default/بامبرز_تك_رقم_6___10_قطع__6.jpg
الحفاضات,مولفكس حفاظات رقم 5 /30 *4,7000 د.ع.‏,https://bazar-center.com/247672-large_default/مولفكس_حفاظات_رقم_5__30__4.jpg
الحفاضات,مولفكس حفاظات رقم 6 /26 *4,7000 د.ع.‏,https://bazar-center.com/247676-large_default/مولفكس_حفاظات_رقم_6__26__4.jpg
الحفاضات,AIWIBI حفاظات اطفال متوسط رقم 6 /38 XXL,12000 د.ع.‏,https://bazar-center.com/245393-large_default/aiwibi__حفاظات_اطفال_متوسط_رقم_6__38_XXL.jpg
الحفاضات,الويز ماكسي سميكة جامبو توفيري 20 % 28 *12,4500 د.ع.‏,https://bazar-center.com/246712-large_default/الويز_ماكسي_سميكة_جامبو_توفيري_20___28__12.jpg
الحفاضات,حفاظات بامبرز رقم 7 /32 *2,19000 د.ع.‏,https://bazar-center.com/246713-large_default/حفاظات_بامبرز_رقم_7__32__2.jpg
الحفاضات,بامبرز حفاظات اطفال رقم 1 //66 *2,14500 د.ع.‏,https://bazar-center.com/246716-large_default/بامبرز_حفاظات_اطفال_رقم_1___66__2.jpg
الحفاضات,مولبيد فوطة نسائية كلاسيك طويلة 16 قطعة *16,2000 د.ع.‏,https://bazar-center.com/247652-large_default/مولبيد_فوطة_نسائية_كلاسيك_طويلة_16_قطعة__16.jpg
الحفاضات,الويز فوطة نسائية ماكسي بزيت اللافندر 48 قطعة *4,6750 د.ع.‏,https://bazar-center.com/246750-large_default/الويز_فوطة_نسائية_ماكسي_بزيت_اللافندر_48_قطعة__4.jpg
الحفاضات,د. كومفورت حفاظات كبار السن كيلوت 30 *4,20000 د.ع.‏,https://bazar-center.com/245467-large_default/د__كومفورت_حفاظات_كبار_السن_كيلوت_30__4.jpg
الحفاضات,ايفوني حفاظات كبار السن كيلوت لارج 30 قطعة *4,22000 د.ع.‏,https://bazar-center.com/245468-large_default/ايفوني_حفاظات_كبار_السن_كيلوت_لارج_30_قطعة__4.jpg
الحفاضات,مولفكس كيلوت 27قطعة رقم 7 *4,9000 د.ع.‏,https://bazar-center.com/245469-large_default/مولفكس_كيلوت_27قطعة_رقم_7__4.jpg
الحفاضات,مولفكس كيلوت اكسترا رقم 6 /58 *2,15000 د.ع.‏,https://bazar-center.com/247669-large_default/مولفكس_كيلوت_اكسترا_رقم_6__58__2.jpg
الحفاضات,د. كومفورت حفاظات كبار السن كيلوت 30 *4 ميديم,20000 د.ع.‏,https://bazar-center.com/245470-large_default/د__كومفورت_حفاظات_كبار_السن_كيلوت_30__4_ميديم.jpg